-- MySQL Script generated by MySQL Workbench
-- Tue Nov 25 14:28:45 2025
-- Model: New Model    Version: 1.0
-- MySQL Workbench Forward Engineering
 
SET @OLD_UNIQUE_CHECKS=@@UNIQUE_CHECKS, UNIQUE_CHECKS=0;
SET @OLD_FOREIGN_KEY_CHECKS=@@FOREIGN_KEY_CHECKS, FOREIGN_KEY_CHECKS=0;
SET @OLD_SQL_MODE=@@SQL_MODE, SQL_MODE='ONLY_FULL_GROUP_BY,STRICT_TRANS_TABLES,NO_ZERO_IN_DATE,NO_ZERO_DATE,ERROR_FOR_DIVISION_BY_ZERO,NO_ENGINE_SUBSTITUTION';
 
-- -----------------------------------------------------
-- Schema groen
-- -----------------------------------------------------
-- CREATE SCHEMA IF NOT EXISTS `groen` DEFAULT CHARACTER SET utf8 ;
-- USE `groen` ;
 
-- -----------------------------------------------------
-- Table `login`
-- -----------------------------------------------------
CREATE TABLE IF NOT EXISTS `login` (
  `idlogin` INT NOT NULL AUTO_INCREMENT,
  `username` VARCHAR(45) NOT NULL,
  `password` VARCHAR(255) NOT NULL, -- Increased length for hashed passwords
  PRIMARY KEY (`idlogin`))
ENGINE = InnoDB;
 
 
-- -----------------------------------------------------
-- Table `klant`
-- -----------------------------------------------------
CREATE TABLE IF NOT EXISTS `klant` (
  `idklant` INT NOT NULL AUTO_INCREMENT,
  `Naam` VARCHAR(45) NOT NULL,
  `leeftijd` INT NOT NULL, -- Changed to INT for age
  `woonplaats` VARCHAR(45) NOT NULL,
  `login_idlogin` INT NOT NULL,
  PRIMARY KEY (`idklant`),
  INDEX `fk_klant_login1_idx` (`login_idlogin` ASC),
  CONSTRAINT `fk_klant_login1`
    FOREIGN KEY (`login_idlogin`)
    REFERENCES `login` (`idlogin`)
    ON DELETE NO ACTION
    ON UPDATE NO ACTION)
ENGINE = InnoDB;
 
 
-- -----------------------------------------------------
-- Table `product`
-- -----------------------------------------------------
CREATE TABLE IF NOT EXISTS `product` (
  `idproduct` INT NOT NULL AUTO_INCREMENT,
  `naam` VARCHAR(45) NOT NULL,
  `prijs` DECIMAL(10, 2) NOT NULL, -- Specified precision for price
  PRIMARY KEY (`idproduct`))
ENGINE = InnoDB;
 
 
-- -----------------------------------------------------
-- Table `aanbiedingen`
-- -----------------------------------------------------
CREATE TABLE IF NOT EXISTS `aanbiedingen` (
  `idaanbiedingen` INT NOT NULL AUTO_INCREMENT,
  `korting` INT NULL DEFAULT NULL,
  `product_idproduct` INT NOT NULL,
  PRIMARY KEY (`idaanbiedingen`),
  INDEX `fk_aanbiedingen_product1_idx` (`product_idproduct` ASC),
  CONSTRAINT `fk_aanbiedingen_product1`
    FOREIGN KEY (`product_idproduct`)
    REFERENCES `product` (`idproduct`)
    ON DELETE NO ACTION
    ON UPDATE NO ACTION)
ENGINE = InnoDB;
 
 
-- -----------------------------------------------------
-- Table `klant_has_product`
-- -----------------------------------------------------
CREATE TABLE IF NOT EXISTS `klant_has_product` (
  `klant_idklant` INT NOT NULL,
  `product_idproduct` INT NOT NULL,
  PRIMARY KEY (`klant_idklant`, `product_idproduct`),
  INDEX `fk_klant_has_product_product1_idx` (`product_idproduct` ASC),
  INDEX `fk_klant_has_product_klant1_idx` (`klant_idklant` ASC),
  CONSTRAINT `fk_klant_has_product_klant1`
    FOREIGN KEY (`klant_idklant`)
    REFERENCES `klant` (`idklant`)
    ON DELETE NO ACTION
    ON UPDATE NO ACTION,
  CONSTRAINT `fk_klant_has_product_product1`
    FOREIGN KEY (`product_idproduct`)
    REFERENCES `product` (`idproduct`)
    ON DELETE NO ACTION
    ON UPDATE NO ACTION)
ENGINE = InnoDB;
 
 
SET SQL_MODE=@OLD_SQL_MODE;
SET FOREIGN_KEY_CHECKS=@OLD_FOREIGN_KEY_CHECKS;
SET UNIQUE_CHECKS=@OLD_UNIQUE_CHECKS;
 
-- -----------------------------------------------------
-- Test Data Insertion
-- -----------------------------------------------------
 
-- Insert logins (passwords should be hashed in a real application)
INSERT INTO `login` (`idlogin`, `username`, `password`) VALUES
(1, 'jan_smit', 'hashed_password_1'),
(2, 'piet_jansen', 'hashed_password_2'),
(3, 'anna_devries', 'hashed_password_3');
 
-- Insert klanten
INSERT INTO `klant` (`idklant`, `Naam`, `leeftijd`, `woonplaats`, `login_idlogin`) VALUES
(1, 'Jan Smit', 34, 'Amsterdam', 1),
(2, 'Piet Jansen', 45, 'Utrecht', 2),
(3, 'Anna de Vries', 28, 'Rotterdam', 3);
 
-- Insert products
INSERT INTO `product` (`idproduct`, `naam`, `prijs`) VALUES
(1, 'Biologische Tomaten', 3.50),
(2, 'Komkommers', 1.20),
(3, 'Frisse Appels', 2.50),
(4, 'Wortelen', 1.80),
(5, 'Ambachtelijke Kaas', 8.95);
 
-- Insert aanbiedingen (15% korting op appels)
INSERT INTO `aanbiedingen` (`idaanbiedingen`, `korting`, `product_idproduct`) VALUES
(1, 15, 3);
 
-- Insert customer purchases (klant_has_product)
INSERT INTO `klant_has_product` (`klant_idklant`, `product_idproduct`) VALUES
(1, 1), -- Jan bought Tomaten
(1, 3), -- Jan bought Appels
(2, 2), -- Piet bought Komkommers
(3, 3), -- Anna bought Appels
(3, 5); -- Anna bought Kaas
 